{
    "change_filament_gcode": "M600",
    "from": "User",
    "gcode_flavor": "klipper",
    "inherits": "Artillery Sidewinder X1 0.4 nozzle",
    "is_custom_defined": "0",
    "layer_change_gcode": "LOG_Z\nTIMELAPSE_TAKE_FRAME",
    "machine_end_gcode": "PRINT_END",
    "machine_max_acceleration_extruding": [
        "1500",
        "1250"
    ],
    "machine_max_acceleration_retracting": [
        "1500",
        "1250"
    ],
    "machine_max_acceleration_x": [
        "10200",
        "960"
    ],
    "machine_max_acceleration_y": [
        "1800",
        "960"
    ],
    "machine_max_acceleration_z": [
        "1000",
        "1000"
    ],
    "machine_pause_gcode": "PAUSE",
    "machine_start_gcode": "PRINT_START BED_TEMP=[first_layer_bed_temperature] EXTRUDER_TEMP=[first_layer_temperature]\nG0 X65 Y5 Z1                                                   ; Move the probe to the heating position.\nM117 Getting the heaters up to temp!\nM104 S140                                                          ; Set Extruder temperature, no wait\nM140 S40                                                            ; Set Heat Bed temperature\nM190 S40                                                            ; Wait for Heat Bed temperature\nM117 Waiting for probe to warm!                        ; Wait another 90s for the probe to absorb heat.\nG4 S90\nM117 Post warming re-home\nG28                                                                      ; Home all axes again after warming\nM117 Z-Dance of my people\nG34\nM117 ABL Probing\n;Run Bed leveling\n;BED_MESH_CALIBRATE\nM900 K0 L0 T0                                 ;Edit the K and L values if you have calibrated a k factor for your filament\nM900 T0 S0\nG1 Z2.0 F3000                                        ; Move Z Axis up little to prevent scratching of Heat Bed\nG1 X4.1 Y10 Z0.3 F5000.0                      ; Move to start position\nM117 Getting the extruder up to temp\nM140 S[first_layer_bed_temperature]      ; Set Heat Bed temperature\nM104 S[first_layer_temperature]    ; Set Extruder temperature\nM109 S[first_layer_temperature]    ; Wait for Extruder temperature\nM190 S[first_layer_bed_temperature]      ; Wait for Heat Bed temperature\nG92 E0                                        ; Reset Extruder\nM117 Purging\nG1 X4.1 Y200.0 Z0.3 F1500.0 E15               ; Draw the first line\nG1 X4.4 Y200.0 Z0.3 F5000.0                   ; Move to side a little\nG1 X4.4 Y20 Z0.3 F1500.0 E30                  ; Draw the second line\nG92 E0                                        ; Reset Extruder\nM117 Lets make\nG1 X8 Y20 Z0.3 F5000.0                        ; Move over to prevent blob squish",
    "name": "Artillery Sidewinder X1 0.4 nozzle - Klipper SmartPad",
    "print_host": "192.168.1.36",
    "printer_notes": "Profil par Seb\nhttps://www.tiktok.com/@dark3dprint",
    "printer_settings_id": "Artillery Sidewinder X1 0.4 nozzle - Klipper SmartPad",
    "version": "1.6.4.0"
}
