{
    "type": "machine",
    "setting_id": "GM001",
    "name": "D12 500 PRO SMARTPAD MONO DUAL 0.4 nozzle",
    "from": "system",
    "instantiation": "true",
    "inherits": "fdm_machine_common",
    "printer_model": "Wanhao D12 500 PRO SMARTPAD MONO DUAL",
    "gcode_flavor": "klipper",
    "default_print_profile": "0.20mm Standard @Wanhao D12-500",
    "nozzle_diameter": [
        "0.4"
      ],
      "printable_area": [
          "0x0",
          "500x0",
          "500x500",
          "0x500"
        ],
    "printable_height": "500",
    "nozzle_type": "brass",
    "auxiliary_fan": "0",
    "printer_variant": "0.4",
    "default_filament_profile": [
		"YUMI PLA Bowden"
	],
    "before_layer_change_gcode": ";BEFORE_LAYER_CHANGE\n;[layer_z]\nLOG_Z\nTIMELAPSE_TAKE_FRAME\nG92 E0",
      "change_filament_gcode": "M600",
    "z_hop": [
        "0.4"
    ],
    "extra_loading_move": "-2",
    "extruder_clearance_height_to_lid": "140",
    "extruder_clearance_height_to_rod": "36",
    "extruder_clearance_radius": "65",
    "nozzle_height": "4",
    "thumbnails": "48x48/PNG, 300x300/PNG",
    "wipe_distance": [
        "2"
    ],
    "z_hop_types": [
        "Auto Lift"
    ],
    "deretraction_speed": [
      "25"
    ],
    "enable_filament_ramming": "0",
    "machine_max_acceleration_e": [
        "6000"
    ],
    "machine_max_acceleration_extruding": [
        "10000"
    ],
    "machine_max_acceleration_retracting": [
        "5000"
    ],
    "machine_max_acceleration_travel": [
        "5000",
        "500"
    ],
    "machine_max_acceleration_x": [
        "1000"
    ],
    "machine_max_acceleration_y": [
      "800"
    ],
    "machine_max_acceleration_z": [
    "500"
    ],
    "default_acceleration": "1000",
    "outer_wall_acceleration": "700",
    "machine_max_speed_e": [
        "50"
    ],
    "machine_max_speed_x": [
        "200"
    ],
    "machine_max_speed_y": [
        "200"
    ],
    "machine_max_speed_z": [
        "15"
    ],
    "machine_max_jerk_e": [
        "2.5"
    ],
    "machine_max_jerk_x": [
        "14"
    ],
    "machine_max_jerk_y": [
        "14"
    ],
    "machine_max_jerk_z": [
      "0.2"
    ],
    "default_jerk": "7",
    "initial_layer_jerk": "7",
    "outer_wall_jerk": "7",
    "top_surface_jerk": "7",
    "max_layer_height": [
      "0.32"
    ],
    "min_layer_height": [
      "0.08"
    ],
    "retract_before_wipe": [
        "0%"
    ],
     "retraction_length": [
        "8"
    ],
    "retraction_minimum_travel": [
        "2"
    ],
    "retraction_speed": [
        "25"
    ],
    "retract_length_toolchange": [
        "70"
    ],
    "retract_when_changing_layer": [
        "0"
    ],
    "travel_speed": "200",
    "initial_layer_infill_speed": "55",
    "machine_end_gcode": "PRINT_END",
    "machine_pause_gcode": "PAUSE",
    "machine_start_gcode": "G31\nsave_last_file\nSAVE_VARIABLE VARIABLE=was_interrupted VALUE=True\nG21                                ; set metrics values\nM104 S[nozzle_temperature_initial_layer]               ; set extruder temperature\nM140 S[bed_temperature_initial_layer_single]           ; set bed temperature\nG91                                ; set relative positioning mode\nG28                                ; home\n;G29                                ; bed leveling\nG90                                ; set absolute positioning mode\nM117                                ; Purge extrudeur\nG92 E0                             ; Reset extrudeur\nM109 S[nozzle_temperature_initial_layer]                         ; set and wait extruder temperature\nM190 S[bed_temperature_initial_layer_single]            ; set and wait bed temperature\nBED_MESH_CALIBRATE ADAPTIVE=1 ADAPTIVE_MARGIN=5 ; adaptive bed leveling\nG1 Z1.0 F3000                      ; Prepare head for first purge line\nM83                                ; set relative positioning for extruder\nG1 X0.1 Y20 Z0.3 F5000.0           ; Set head to first line start position\nG1 X0.1 Y210 Z0.3 F750.0 E15  ; First line\nG1 X0.4 Y210 Z0.3 F5000.0     ; Move slightly on the side\nG1 X0.4 Y20 Z0.3 F750.0 E15        ; Second line\nG1 E-5 F1800                       ; Filament Retract\nM82                                ; set absolute positioning for extruder\nG92 E0                             ; Reset extrudeur\nG1 Z1.0 F3000                      ; Moving up slightly the nozzle"
}