{
    "type": "machine",
    "setting_id": "GM001",
    "name": "D12 500 PRO M2 DIRECT 0.4 nozzle",
    "from": "system",
    "instantiation": "true",
    "inherits": "fdm_machine_common",
    "printer_model": "Wanhao D12 500 PRO MAX M2 DIRECT",
    "gcode_flavor": "marlin2",
    "default_print_profile": "0.20mm Standard @Wanhao D12-500",
    "nozzle_diameter": [
        "0.4"
    ],
    "printable_area": [
          "0x0",
          "500x0",
          "500x500",
          "0x500"
    ],
    "printable_height": "500",
    "nozzle_type": "brass",
    "auxiliary_fan": "0",
    "printer_variant": "0.4",
    "default_filament_profile": [
          "Direct Drive"
    ],
    "before_layer_change_gcode": ";BEFORE_LAYER_CHANGE\n;[layer_z]\nG92 E0",
    "change_filament_gcode": "M600",
    "z_hop": [
        "0.4"
    ],
    "extra_loading_move": "-2",
    "extruder_clearance_height_to_lid": "140",
    "extruder_clearance_height_to_rod": "36",
    "extruder_clearance_radius": "65",
    "nozzle_height": "4",
    "thumbnails": "48x48/PNG, 300x300/PNG",
    "wipe_distance": [
          "2"
    ],
    "z_hop_types": [
          "Auto Lift"
    ],
    "deretraction_speed": [
      "70"
    ],
    "machine_max_acceleration_e": [
        "6000"
    ],
    "machine_max_acceleration_extruding": [
        "10000"
    ],
    "machine_max_acceleration_retracting": [
        "5000"
    ],
    "machine_max_acceleration_travel": [
        "5000",
        "500"
    ],
    "machine_max_acceleration_x": [
        "1000"
    ],
    "machine_max_acceleration_y": [
      "800"
    ],
    "machine_max_acceleration_z": [
    "500"
    ],
    "machine_max_speed_e": [
        "50"
    ],
    "machine_max_speed_x": [
        "200"
    ],
    "machine_max_speed_y": [
        "200"
    ],
    "machine_max_speed_z": [
        "15"
    ],
    "machine_max_jerk_e": [
        "2.5"
    ],
    "machine_max_jerk_x": [
        "14"
    ],
    "machine_max_jerk_y": [
        "14"
    ],
    "machine_max_jerk_z": [
      "0.2"
    ],
    "max_layer_height": [
      "0.32"
    ],
    "min_layer_height": [
      "0.08"
    ],
    "retract_before_wipe": [
        "0%"
    ],
     "retraction_length": [
        "2"
    ],
    "retraction_minimum_travel": [
        "2"
    ],
    "retraction_speed": [
        "70"
    ],
    "retract_length_toolchange": [
        "70"
    ],
    "retract_when_changing_layer": [
        "0"
    ],
    "machine_end_gcode": "; Wanhao D12-500 Default End Gcode\nG1 E-30 F6000\nG4 P3000\nG92 E0\nG1 E-40 F6000\nM400\nM107\nM106 S0                        \nM104 S0                        \nM140 S0                       \nG91                          \nG1 Z5 F1200                   \nG90                            \nG1 X0 Y235 F1200\nM84\n\n",
    "machine_pause_gcode": "M600",
    "machine_start_gcode": "; Wanhao D12-500 Start G-code\nG21\nM104 S[nozzle_temperature_initial_layer]    ; Set Extruder temperature\nM140 S[bed_temperature_initial_layer]      ; Set Heat Bed temperature\nM109 S[nozzle_temperature_initial_layer]    ; Wait for Extruder temperature\nM190 S[bed_temperature_initial_layer]     ; Wait for Heat Bed temperature\nG91\nG28\n;G29\nG90\nM117\nG92 E0\nT{initial_tool}\nG1 X0 Y0 ; Home all axes\nG1 Z2.0 F3000 ; Move Z Axis up little to prevent scratching of Heat Bed\nG1 X0.1 Y20 Z0.3 F5000.0 ; Move to start position\nG1 X0.1 Y200.0 Z0.3 F1500.0 E15 ; Draw the first line\nG1 X0.4 Y200.0 Z0.3 F5000.0 ; Move to side a little\nG1 X0.4 Y20 Z0.3 F1500.0 E30 ; Draw the second line\nG92 E0 ; Reset Extruder\nG1 Z2.0 F3000 ; Move Z Axis up little to prevent scratching of Heat Bed\nG1 X5 Y20 Z0.3 F5000.0 ; Move over to\n\n"
    }