{
    "type": "machine",
    "setting_id": "GM001",
    "name": "D12 230 PRO SMARTPAD MONO DUAL 0.4 nozzle",
    "from": "system",
    "instantiation": "true",
    "inherits": "fdm_machine_common",
    "printer_model": "Wanhao D12 230 PRO SMARTPAD MONO DUAL",
    "default_print_profile": "0.20mm Standard @Wanhao D12-230",
    "default_filament_profile": [
		"YUMI PLA Bowden"
	],
    "before_layer_change_gcode": ";BEFORE_LAYER_CHANGE\n;[layer_z]\nLOG_Z\nTIMELAPSE_TAKE_FRAME\nG92 E0",
    "extruder_clearance_height_to_lid": "140",
    "extruder_clearance_height_to_rod": "36",
    "extruder_clearance_radius": "65",
    "nozzle_height": "4",
    "thumbnails": "48x48/PNG, 300x300/PNG",
    "version": "1.0.1.0",
    "wipe_distance": [
        "2"
    ],
    "z_hop_types": [
        "Auto Lift"
    ],
    "nozzle_diameter": [
      "0.4"
    ],
    "z_hop": [
        "0.4"
    ],
    "extra_loading_move": "-2",
    "printable_area": [
        "0x0",
        "230x0",
        "230x230",
        "0x230"
    ],
    "printable_height": "240",
    "nozzle_type": "brass",
    "auxiliary_fan": "0",
    "deretraction_speed": [
      "25"
    ],
    "enable_filament_ramming": "0",
    "gcode_flavor": "klipper",
    "machine_max_acceleration_e": [
        "6000"
    ],
    "machine_max_acceleration_extruding": [
        "10000"
    ],
    "machine_max_acceleration_retracting": [
        "5000"
    ],
    "machine_max_acceleration_travel": [
        "5000",
        "500"
    ],
    "machine_max_acceleration_x": [
        "1200"
    ],
    "machine_max_acceleration_y": [
      "1000"
    ],
    "machine_max_acceleration_z": [
    "500"
    ],
    "machine_max_speed_e": [
        "50"
    ],
    "machine_max_speed_x": [
        "400"
    ],
    "machine_max_speed_y": [
        "400"
    ],
    "machine_max_speed_z": [
        "12"
    ],
    "machine_max_jerk_e": [
        "2.5"
    ],
    "machine_max_jerk_x": [
        "14"
    ],
    "machine_max_jerk_y": [
        "14"
    ],
    "machine_max_jerk_z": [
      "0.3"
    ],
    "max_layer_height": [
      "0.32"
    ],
    "min_layer_height": [
      "0.08"
    ],
    "printer_variant": "0.4",
    "retract_before_wipe": [
        "0%"
    ],
     "retraction_length": [
        "8"
    ],
    "retraction_minimum_travel": [
        "2"
    ],
    "retraction_speed": [
        "25"
    ],
    "retract_length_toolchange": [
        "70"
    ],
    "retract_when_changing_layer": [
        "0"
    ],
    "machine_end_gcode": "PRINT_END",
    "machine_pause_gcode": "PAUSE",
    "machine_start_gcode": "PRINT_START BED_TEMP=[first_layer_bed_temperature] EXTRUDER_TEMP=[first_layer_temperature]\nG0 X65 Y5 Z1 F5000.0                                                   ; Move the probe to the heating position.\nM117 Getting the heaters up to temp!\nM104 S140                                                          ; Set Extruder temperature, no wait\nM140 S60                                                            ; Set Heat Bed temperature\nG4 S90\nM117 Post warming re-home\nG28                                                                      ; Home all axes again after warming\nM117 Z-Dance of my people\nM117 ABL Probing\n;Run Bed leveling\n;BED_MESH_CALIBRATE\n;T1\nT[initial_tool]\nG1 Z2.0 F3000                                        ; Move Z Axis up little to prevent scratching of Heat Bed\nG1 X4.1 Y10 Z0.3 F5000.0                      ; Move to start position\nM117 Getting the extruder up to temp\nM140 S[first_layer_bed_temperature]      ; Set Heat Bed temperature\nM104 S[first_layer_temperature]    ; Set Extruder temperature\nM109 S[first_layer_temperature]    ; Wait for Extruder temperature\nM190 S[first_layer_bed_temperature]      ; Wait for Heat Bed temperature\nG92 E0                                        ; Reset Extruder\nM117 Purging\nG1 X4.1 Y200.0 Z0.3 F1500.0 E15               ; Draw the first line\nG1 X4.4 Y200.0 Z0.3 F5000.0                   ; Move to side a little\nG1 X4.4 Y20 Z0.3 F1500.0 E30                  ; Draw the second line\nG92 E0                                        ; Reset Extruder\nM117 Lets make\nG1 X8 Y20 Z0.3 F5000.0                        ; Move over to prevent blob squish"
}