{
    "type": "filament",
    "name": "fdm_filament_pla",
    "from": "system",
    "instantiation": "false",
    "inherits": "fdm_filament_common",
    "fan_cooling_layer_time": [
        "100"
    ],
    "filament_max_volumetric_speed": [
        "12"
    ],
    "filament_type": [
        "PLA"
    ],
    "filament_density": [
        "1.24"
    ],
    "filament_cost": [
        "20"
    ],
    "cool_plate_temp" : [
        "60"
    ],
    "eng_plate_temp" : [
        "60"
    ],
    "hot_plate_temp" : [
        "60"
    ],
    "textured_plate_temp" : [
        "60"
    ],
    "cool_plate_temp_initial_layer" : [
        "60"
    ],
    "eng_plate_temp_initial_layer" : [
        "60"
    ],
    "hot_plate_temp_initial_layer" : [
        "60"
    ],
    "textured_plate_temp_initial_layer" : [
        "60"
    ],
    "nozzle_temperature_initial_layer": [
        "210"
    ],
    "reduce_fan_stop_start_freq": [
        "1"
    ],
    "slow_down_for_layer_cooling": [
        "1"
    ],
    "fan_max_speed": [
        "100"
    ],
    "fan_min_speed": [
        "100"
    ],
    "overhang_fan_speed": [
        "100"
    ],
    "overhang_fan_threshold": [
        "50%"
    ],
    "close_fan_the_first_x_layers": [
        "1"
    ],
    "nozzle_temperature": [
        "200"
    ],
    "temperature_vitrification": [
        "60"
    ],
    "nozzle_temperature_range_low": [
        "190"
    ],
    "nozzle_temperature_range_high": [
        "230"
    ],
    "slow_down_min_speed": [
        "10"
    ],
    "slow_down_layer_time": [
        "4"
    ],
    "additional_cooling_fan_speed": [
        "70"
    ],
    "filament_start_gcode": [
        "; filament start gcode\n"
    ]
}
