{
    "type": "filament",
    "filament_id": "GFU99",
    "setting_id": "GFSR99",
    "name": "YUMI PLA Bowden",
    "from": "system",
    "instantiation": "true",
    "inherits": "Yumi Generic PLA",
    "filament_vendor": [ "Yumi" ],
    "filament_max_volumetric_speed": ["12"],
    "filament_flow_ratio": ["0.98"],
	"slow_down_layer_time": ["8"],
    "slow_down_min_speed": ["20"],
    "cool_plate_temp" : ["60"],
    "eng_plate_temp" : ["60"],
    "hot_plate_temp" : ["60"],
    "textured_plate_temp" : ["60"],
    "cool_plate_temp_initial_layer" : ["60"],
    "eng_plate_temp_initial_layer" : ["60"],
    "hot_plate_temp_initial_layer" : ["60"],
    "textured_plate_temp_initial_layer" : ["60"],
    "filament_loading_speed": [
        "25"
    ],
    "filament_loading_speed_start": [
        "25"
    ],
    "filament_unloading_speed": [
        "25"
    ],
    "compatible_printers": [
        "D12 230 PRO M2 DIRECT 0.4 nozzle",
        "D12 230 PRO SMARTPAD DIRECT 0.4 nozzle",
        "D12 300 PRO M2 DIRECT 0.4 nozzle",
        "D12 300 PRO SMARTPAD DIRECT 0.4 nozzle",
        "D12 500 PRO M2 DIRECT 0.4 nozzle",
        "D12 500 PRO SMARTPAD DIRECT 0.4 nozzle",
        "D12 230 PRO M2 MONO DUAL 0.4 nozzle",
        "D12 230 PRO SMARTPAD MONO DUAL 0.4 nozzle",
        "D12 300 PRO M2 MONO DUAL 0.4 nozzle",
        "D12 300 PRO SMARTPAD MONO DUAL 0.4 nozzle",
        "D12 500 PRO M2 MONO DUAL 0.4 nozzle",
        "D12 500 PRO SMARTPAD MONO DUAL 0.4 nozzle"
    ]
}
